file_name,case_id,trial_id,hard_fail,total_score,overall_verdict,summary,score__objective_clarity,reason__objective_clarity,score__factor_response_levels,reason__factor_response_levels,score__design_choice_appropriateness,reason__design_choice_appropriateness,score__interaction_curvature_awareness,reason__interaction_curvature_awareness,score__resource_aware_design,reason__resource_aware_design,score__execution_feasibility,reason__execution_feasibility,score__documentation_rigor,reason__documentation_rigor,score__blocking_awareness,reason__blocking_awareness,score__iterative_experimentation,reason__iterative_experimentation,score__bom_compliance,reason__bom_compliance,score__claim_discipline,reason__claim_discipline,trial_id_num
1_2_1_trial1.txt,1_2_1,1,True,4,fail,"This is a plausible research topic, but not a rigorous and feasible experiment proposal under the provided setup. It has a clear objective, but it lacks a defined DOE structure, measurable response plan, blocking and iteration logic, and it depends on unlisted capability for controlled carbide powder addition. That makes it a hard fail under the rubric. ",2,The main goal is clear: compare how carbide powder addition affects WAAM Ti-6Al-4V deposit microstructure and mechanical properties.,1,"Some candidate factors are listed, but voltage and travel speed are given only as broad ranges, no actual design levels or run structure are defined, and the responses are still generic rather than operationally specified.",0,"No DOE choice is stated. The proposal reads as a loose multi-parameter sweep, not a justified screening, comparison, or optimization design.",0,"There is no indication of interaction handling, curvature checks, center points, staged refinement, or follow-up design logic.",0,"The run count, replication, sequencing, and resource tradeoffs are not discussed, so efficiency cannot be judged and the design could easily become wasteful.",0,"The BOM lists carbide powder as a material, but no powder feeding, metering, or integration capability is listed for adding controlled wt% powder during WAAM. The proposal assumes this hidden capability.",1,"The proposal names broad outputs such as SEM, XCT, hardness, and tensile testing, but it does not define raw data fields, specimen tracking, acceptance criteria, or documentation workflow.",0,"No nuisance variation is addressed. There is no mention of block effects from day, operator, machine state, substrate batch, or wire/powder batch.",0,"There is no staged learning plan, confirmation step, or refinement logic after initial runs.",0,"The proposal stays within the listed materials at a high level, but it still relies on unlisted process capability for controlled carbide powder addition and implies phase-analysis claims that are not directly supported by the listed characterization tools.",0,"Claims about intermetallic phase formation and porosity reduction are too strong for the stated plan, especially without a defined design and without explicitly supported phase-identification capability.",1
1_2_1_trial2.txt,1_2_1,2,True,3,fail,"This is a plausible research idea but not a rigorous or feasible experiment proposal under the stated rubric. The objective is understandable, but the proposal hard-fails because it does not define a real experiment design, does not specify the response structure rigorously, and assumes unlisted capability for controlled carbide powder addition during WAAM. It also overclaims what can be concluded about intermetallic phases from the explicitly listed setup. Evaluation based strictly on the provided prompt and setup text .",2,The broad goal is clear: assess how carbide powder addition affects WAAM Ti-6Al-4V deposits in terms of microstructure and mechanical behavior.,1,"Three input factors are named, but the output responses are too vague. 'Microstructure' and 'mechanical properties' are not translated into specific measured responses, acceptance criteria, or analysis variables.",0,"The proposal does not specify an actual experimental design. It only lists factors and broad ranges, with no factorial structure, screening plan, optimization logic, replication, or run order.",0,"There is no indication that factor interactions or curvature will be checked. No center points, staged refinement, or follow-up design logic is given.",0,"The sweep could become very large and inefficient, yet no resource-conscious run plan is provided. The proposal does not explain how many runs will be performed or why this is an efficient use of the available setup.",0,"Controlled carbide powder addition is central to the proposal, but no powder feed, mixing, or delivery capability is explicitly listed in the setup. The proposal also implies intermetallic phase analysis without listing a valid phase-identification method in the available setup.",0,"There is no concrete plan for raw data capture, specimen tracking, deposition records, imaging protocol, tensile sampling protocol, or how results will be documented and reviewed.",0,"The proposal does not mention nuisance variation such as build order, day-to-day drift, substrate batch, operator effects, or machine condition.",0,There is no staged plan such as an initial screening step followed by focused refinement. It reads as a one-shot study.,0,"The proposal stays within the named material list superficially, but it still assumes hidden process capability for carbide powder incorporation and makes microstructural claims that are not fully supported by the explicitly listed tools.",0,The proposal overreaches by claiming study of intermetallic phase formation and a literature novelty angle without a supported measurement path or enough evidence from the stated setup.,2
1_2_1_trial3.txt,1_2_1,3,True,3,fail,"This is a plausible research idea but not a rigorous, feasible experiment proposal under the provided rubric and BOM. It has a clear topic, but it fails on design logic, feasibility proof, documentation detail, and disciplined claims. Most importantly, it assumes an unlisted powder-addition capability and offers only a broad sweep with no proper DOE structure. Evaluated strictly from the uploaded rubric, BOM, and proposal text. ",2,The high-level goal is clear: study how carbide powder addition affects Ti-6Al-4V WAAM deposit microstructure and mechanical properties.,1,"Three candidate factors and rough levels are listed, but the response variables are not operationally defined. Microstructure and mechanical properties are too broad, and no exact outputs, specimen plan, or measurement endpoints are stated.",0,"The proposal does not justify whether this is a screening study, a comparative study, or an optimization study. Listing three factors with broad ranges is not, by itself, a valid design choice.",0,"There is no mention of interactions, curvature, center points, staged refinement, or any follow-up plan for nonlinear effects.",0,"The implied design is inefficient and vague. A full sweep across three 3-level factors would already be substantial, yet no replication, prioritization, or reduced design logic is provided.",0,"Feasibility is not established because the proposal assumes carbide powder can be added during WAAM, but no powder feeder or explicit powder-integration capability is listed in the BOM. It also makes phase-related claims without showing a feasible characterization path strong enough for that claim.",0,"There is no raw data plan, no specimen count, no deposition log, no tracking structure, no acceptance criteria, and no description of how results would be recorded or reviewed.",0,"The proposal does not address nuisance variation such as day, operator, substrate batch, machine condition, or deposition order.",0,There is no staged plan such as an initial feasibility pass followed by refinement. It assumes one broad sweep can answer the question.,0,"The proposal stays away from explicitly forbidden items, but it still assumes a hidden process capability for powder addition that is not supported by the listed setup. That is a BOM compliance problem.",0,The proposal overclaims novelty and mechanism-level outcomes such as intermetallic phase formation and porosity reduction without a disciplined measurement and design plan that would support those claims.,3
2_3_1_trail1.txt,2_3_1,1,True,5,fail,"This is a plausible research idea, but not a rigorous experiment proposal. It hard-fails because the factor/response structure is incomplete and the design is only a loose parameter sweep with no meaningful DOE logic. The main issue is not the topic itself; it is the lack of operational detail needed to make the experiment evaluable, executable, and reviewable. ",1,"The general intent is visible: study effects of laser power and argon flooding on NiTi LPBF outcomes. But it is not clearly framed as screening, hypothesis testing, interaction study, or optimization.",0,"Factors are named, but levels or ranges are missing. Responses such as microstructure evolution, mechanical properties, and phase transformation behavior are too broad and not defined as measurable outputs.",0,"No actual design is specified. There is no factorial plan, no response-surface logic, no run matrix, no replication, and no rationale for how the experiment structure answers the stated question.",0,"Although two factors are mentioned together, there is no explicit plan to estimate interaction effects, detect curvature, use center points, or refine the design in stages.",1,"The proposal is not obviously huge, and focusing on two factors could be efficient. However, because no run count or staged design is given, resource use cannot be judged as disciplined.",1,"Some listed tools do support part of the study: LPBF, XRD, microhardness, tensile testing, IR camera. But feasibility is weakened because direct microstructure characterization is not actually supported by the available setup, precise argon-control capability is assumed rather than demonstrated, and producing consistent NiTi from listed elemental powders is not operationalized.",0,"There is no data-recording plan, no mention of build logs, thermal traces, XRD scan conditions, specimen tracking, raw data retention, or analysis workflow.",0,"The proposal does not address nuisance variation such as build plate position, powder batch, machine state, day-to-day drift, operator effects, or specimen orientation.",0,No staged learning plan is provided. The proposal does not describe a first-pass screen followed by refinement or any decision rules for follow-up experiments.,1,"The proposal mostly stays within the listed BOM and acknowledges the lack of SEM/EDS. But it still leans on unsupported assumptions, especially around controllable argon flooding and interpreting microstructure evolution without microscopy or composition verification.",1,The novelty claim about decoupling cooling-rate effects is too ambitious for the proposed measurement set and design detail. The proposal also overreaches by claiming microstructure evolution insight without the characterization needed to support that claim.,1
2_3_1_trail2.txt,2_3_1,2,True,4,fail,"Strictly judged, this is a plausible research direction but not a valid experiment proposal yet. It fails because it lacks explicit factor levels, response definitions, a real design-of-experiments structure, and a concrete execution/documentation plan. The idea could become usable after specifying a small factorial or staged screening design, measurable outputs, run counts, blocking, and data logging rules. Evaluation based only on the provided proposal and BOM. ",1,"The general goal is understandable: study effects of laser power and argon flooding on NiTi LPBF outcomes, especially phase-related behavior. However, it does not clearly state whether this is screening, comparison, hypothesis testing, or optimization.",0,"The factors are named, but no levels, ranges, run matrix, or explicit response definitions are given. Responses such as microstructure evolution, phase transformation behavior, and mechanical properties are mentioned only broadly, not as measurable outputs with criteria.",0,"No actual design choice is stated. There is no factorial plan, screening logic, response-surface logic, staged plan, or replication strategy. As written, it is only a vague parameter sweep.",0,"The proposal hints at combining argon flooding and laser power, but it does not explicitly plan to estimate interaction effects, include center points, test curvature, or use staged refinement.",0,"There is no run count, no pruning logic, no replication plan, and no prioritization of measurements. Because the scope is broad and undefined, resource use cannot be judged as efficient.",1,"Some parts are feasible with the listed setup: LPBF, XRD, microhardness, tensile testing, and thermal monitoring are all mentioned in the BOM. But important practical details are missing, including how argon flooding parameters are controllable, how NiTi feedstock is prepared from listed powders, and how thermal measurements would be implemented during LPBF.",0,"There is no raw-data plan, no specimen tracking plan, no print log structure, no measurement schedule, and no statement of what records would be captured for later review.",0,"The proposal does not consider nuisance variation such as build position, build day, powder batch, machine state, or operator effects.",0,"There is no staged plan such as initial screening followed by refinement, and no follow-up logic based on early results.",1,"The proposal mostly stays within listed equipment and does not directly rely on forbidden items. However, it implicitly assumes controllable argon flooding settings and sufficient microstructure characterization capability without clearly showing that the listed setup supports those claims.",1,"The novelty claim is restrained compared with many proposals, but it still overreaches by promising decoupling of cooling-rate and solidification effects without a defined design or sufficient measurement plan to support that claim.",2
2_3_1_trail3.txt,2_3_1,3,True,2,fail,"This is a plausible research idea but not a rigorous or clearly feasible experiment proposal under the provided BOM. It fails because the factor/response structure is incomplete, the design logic is too vague, and the proposal assumes unsupported capabilities for NiTi feedstock preparation and process control. ",1,"The general aim is understandable: vary laser power and argon flooding and observe phase-related and mechanical outcomes in LPBF NiTi. However, the exact experimental objective is still broad and not reduced to a specific hypothesis, screening goal, comparison, or optimization target. ",0,"Factors are named, but there are no levels, no ranges, no response definitions with measurement criteria, and no run structure. 'Microstructure evolution,' 'mechanical properties,' and 'phase transformation behavior' are too broad as stated. ",0,"The proposal claims it can decouple the effects of argon flooding and laser power, but it does not specify any experimental design logic that would support that claim. It reads as a loose parameter sweep rather than a justified DOE matched to the objective. ",0,"There is no explicit plan for interactions, curvature, center points, staged refinement, or follow-up design. The proposal does not show real awareness of nonlinearity despite discussing phase transformation and cooling-rate effects. ",0,"No run count, no resource estimate, no staged screening, and no prioritization are provided. Because the factor space is not structured, the proposal could easily become wasteful or underpowered. ",0,"Feasibility is weak under the provided BOM. The proposal depends on NiTi feedstock availability or preparation from Ni and Ti powders, but the listed setup does not explicitly provide blending/alloying capability or composition control. It also assumes precise argon flooding control and useful thermocouple integration without support in the stated setup. ",1,"The proposal at least names candidate measurement modalities such as XRD, microhardness, tensile testing, and thermal monitoring. However, it does not define what raw data will be recorded, how samples will be tracked, or what acceptance criteria or documentation format will be used. ",0,"No nuisance factors or blocking plan are discussed. There is no consideration of variation from build plate position, machine condition, powder batch, day, operator, or sensor placement. ",0,"There is no staged learning plan. The proposal does not describe an initial screening phase, follow-up refinement, or a decision rule for what to do after early results. ",0,"The proposal does not explicitly call forbidden items, which is good, but it still assumes unsupported capabilities. In particular, 'NiTi powder (via Ni and Ti powders)' is not the same as having an explicitly available NiTi LPBF feedstock and process-ready preparation route in the BOM. ",0,"The proposal overclaims what it can establish. Claims about decoupling cooling-rate effects, studying microstructure evolution, and adding a novel twist are not supported by the sparse design logic and limited characterization plan. ",3
3_3_2_trail1.txt,3_3_2,1,True,6,fail,"The proposal has a reasonable topic and is broadly aligned with the available LPBF setup, but it fails as a rigorous experiment proposal because it does not define factor levels, response definitions, run structure, replication, blocking, documentation, or iterative design logic. It should be treated as a plausible starting idea rather than a usable experiment plan. ",2,"The overall aim is understandable: study how laser power and scan speed affect thermal behavior and defect-related outcomes, then relate these to hardness and tensile behavior.",1,"Input factors and some responses are named, but no levels, ranges, units, specimen counts, or explicit response definitions are provided.",0,"No actual design is specified. There is no factorial structure, screening plan, optimization logic, replication plan, or statistical comparison method.",0,"The proposal does not discuss factor interactions, nonlinear effects, center points, staged refinement, or any follow-up design for curvature.",0,"There is no run count, no prioritization logic, no replication strategy, and no indication that the proposed work was sized to available time/material/resources.",1,"Most named tools are in the BOM, so a basic LPBF study is plausible. However, the proposal is weak on how defect formation would be validated with the listed setup, and it does not specify a feasible specimen/test plan.",0,"There is no data sheet structure, no raw data plan, no specimen labeling scheme, no synchronization plan for in-process sensors, and no review/traceability plan.",0,"No nuisance factors are considered, such as build plate location, powder batch, machine condition, sensor drift, operator effects, or day-to-day variation.",0,"The proposal gives no staged learning plan, no pilot step, no screening-then-refinement logic, and no criteria for follow-up experiments.",1,"The proposal does not explicitly invoke forbidden items and stays broadly within the listed setup. However, it assumes defect assessment capability without clearly showing how that claim is supported by the available BOM alone.",1,"The novelty claim is somewhat restrained, but the proposal still overstates its ability to correlate in-process defect signals with post-process properties without defining the validation pathway.",1
3_3_2_trail2.txt,3_3_2,2,True,5,fail,"This is a plausible research idea but not a rigorous experiment proposal. It identifies relevant factors and outputs, but it does not specify levels, run structure, DOE logic, blocking, documentation, or staged learning. As written, it is essentially a loose parameter sweep with broad claims about defect-property correlation, so it fails under the rubric despite partial alignment with the available BOM.",1,"The general aim is understandable: study laser power and scan speed effects on thermal behavior, defects, hardness, and tensile properties. However, the exact experimental objective is still broad and does not clearly distinguish whether this is screening, comparison, or optimization.",1,"Two input factors are named and several outputs are mentioned, but no levels, ranges, run structure, sample count, or explicit measurement definitions are provided.",0,No actual design is specified. The proposal reads as a generic parameter sweep rather than a defined DOE matched to a screening or optimization goal.,0,"There is no discussion of interactions, curvature, center points, staged refinement, or follow-up response-surface logic.",0,"The proposal does not state the number of runs, replicates, specimen burden, or how expensive tensile testing will be managed efficiently.",1,"Most listed tools are in the BOM, so the concept is partly feasible. But the proposal overstates defect-correlation capability because no direct defect characterization plan is given using the actually available setup, and tensile feasibility is not detailed at standard specimen scale.",0,"There is no raw-data plan, no defined logging structure, no specimen labeling scheme, and no description of what exact outputs will be recorded and compared.",0,"No nuisance factors are addressed, such as powder batch, build location, build order, machine warm-up state, or day-to-day variation.",0,"There is no staged plan, no initial screening followed by refinement, and no contingency for follow-up experiments.",1,"The proposal mainly stays within the listed equipment and does not explicitly invoke forbidden tools. However, it implies defect analysis strength that is not fully supported by the provided BOM.",1,"The novelty claim is somewhat restrained, but the proposal still overclaims its ability to correlate defect formation with properties without a sufficiently specified and supported characterization workflow.",2
3_3_2_trail3.txt,3_3_2,3,True,7,fail,"The idea is plausible at a high level, but the proposal fails as a rigorous experiment plan. It identifies a reasonable objective and relevant factors, yet it does not specify factor levels, response definitions, design matrix logic, replication, blocking, or iterative follow-up. Most importantly, it relies on a vague parameter sweep and makes a defect-correlation claim that is not clearly supported by the available BOM and measurement path. This is a concept, not a sufficiently designed experiment.",2,The proposal states a recognizable goal: study how laser power and scan speed affect thermal behavior and resulting properties in LPBF NiTi.,1,"Input factors and candidate responses are named, but no factor levels, ranges, sample counts, or explicit response definitions are given.",0,"No actual DOE structure is proposed. There is no factorial, screening plan, staged design, replication plan, or optimization logic beyond a vague parameter sweep.",0,"There is no indication of interaction testing, center points, curvature checks, staged refinement, or follow-up design.",1,"Using only two main process factors could be resource-efficient, but the run plan is not defined, so efficiency cannot be judged rigorously.",1,"Most listed tools are available, but the proposal overreaches on 'defect formation' because no supported post-build defect characterization method is specified and the in-process sensing path is not validated.",0,"There is no data sheet structure, no mention of raw signal logging, no specimen tracking, no metadata plan, and no explicit record of build conditions or analysis workflow.",0,"The proposal does not address nuisance variation such as build plate location, powder batch, build order, day-to-day drift, machine state, or operator effects.",0,No staged learning plan is described. The proposal does not explain how initial results would guide refinement or follow-up experiments.,1,"The proposal mostly stays within listed equipment, but it implicitly assumes a supported way to identify defects and does not fully reconcile the available material list with the actual NiTi fabrication route.",1,"The novelty claim is somewhat restrained, but the proposal still overstates correlation of in-process defects with post-process outcomes without enough experimental support.",3
